target_id	length	eff_length	est_counts	tpm
ABRP41_RS00010__ABRP41_RS00010_m00_1227	600	314.438	0	0
mubX__ABRP41_RS00015_m00_1839	702	416.438	0	0
mubY__ABRP41_RS00020_m00_2545	2343	2049.94	0	0
tnpA__ABRP41_RS00025/pseudo_m00_5138	465	197.237	0	0
ABRP41_RS00030__ABRP41_RS00030_m00_6243	582	296.438	0	0
ABRP41_RS00040/pseudo__ABRP41_RS00040/pseudo_m00_7647	1161	867.938	0	0
mubX__ABRP41_RS00055_m00_10869	702	416.438	0	0
mubY__ABRP41_RS00060_m00_11575	2343	2049.94	0	0
mubT__ABRP41_RS00065_m00_13910	720	434.438	0	0
mubE__ABRP41_RS00070_m00_14641	1902	1608.94	0	0
mubG__ABRP41_RS00075_m00_16557	1218	924.938	0	0
mubH__ABRP41_RS00080_m00_17780	3354	3060.94	0	0
mubA__ABRP41_RS00085_m00_21179	8175	7881.94	0	0
mubB__ABRP41_RS00090_m00_29372	3690	3396.94	0	0
mubC__ABRP41_RS00095_m00_33061	4887	4593.94	0	0
mubD__ABRP41_RS00100_m00_38045	4368	4074.94	1	1347.06
mubZ__ABRP41_RS00105_m00_42440	1218	924.938	0	0
mubM__ABRP41_RS00110_m00_43686	750	464.438	0	0
mubI__ABRP41_RS00115_m00_44464	939	645.938	0	0
mubJ__ABRP41_RS00120_m00_45415	984	690.938	0	0
mubP__ABRP41_RS00125_m00_46426	693	407.438	0	0
ABRP41_RS00135/pseudo__ABRP41_RS00135/pseudo_m00_47766	1246	952.938	0	0
ABRP41_RS00140/pseudo__ABRP41_RS00140/pseudo_m00_49045	583	297.438	0	0
queG__ABRP41_RS00145_m00_50287	1125	831.938	0	0
prfB__ABRP41_RS00150_m00_51461	1096	802.938	0	0
ftsE__ABRP41_RS00155_m00_52578	693	407.438	0	0
ftsX__ABRP41_RS00160_m00_53263	936	642.938	0	0
ABRP41_RS00170__ABRP41_RS00170_m00_55084	765	479.438	0	0
ABRP41_RS00175__ABRP41_RS00175_m00_55992	1179	885.938	0	0
ABRP41_RS00180__ABRP41_RS00180_m00_57312	753	467.438	0	0
ABRP41_RS00185__ABRP41_RS00185_m00_58629	186	44.0833	0	0
ABRP41_RS00190__ABRP41_RS00190_m00_58820	303	95.0278	0	0
ABRP41_RS00195__ABRP41_RS00195_m00_59160	732	446.438	0	0
ABRP41_RS00200__ABRP41_RS00200_m00_59893	654	368.438	0	0
ABRP41_RS00210__ABRP41_RS00210_m00_61850	2463	2169.94	0	0
ABRP41_RS00215__ABRP41_RS00215_m00_64378	1182	888.938	0	0
asnS__ABRP41_RS00220_m00_65606	1347	1053.94	0	0
ABRP41_RS00225__ABRP41_RS00225_m00_67464	1092	798.938	0	0
ABRP41_RS00230__ABRP41_RS00230_m00_68585	378	129.654	0	0
ABRP41_RS00235__ABRP41_RS00235_m00_69093	759	473.438	0	0
rapZ__ABRP41_RS00240_m00_69844	891	597.938	0	0
ABRP41_RS00245__ABRP41_RS00245_m00_70731	978	684.938	0	0
whiA__ABRP41_RS00250_m00_71705	912	618.938	0	0
ABRP41_RS00255__ABRP41_RS00255_m00_72982	1398	1104.94	0	0
ABRP41_RS00260__ABRP41_RS00260_m00_74606	1521	1227.94	0	0
ABRP41_RS00265__ABRP41_RS00265_m00_76287	756	470.438	0	0
ABRP41_RS00270__ABRP41_RS00270_m00_77096	348	119.114	0	0
ABRP41_RS00275__ABRP41_RS00275_m00_77436	324	103.561	0	0
add__ABRP41_RS00295_m00_80008	1050	756.938	0	0
ABRP41_RS00300__ABRP41_RS00300_m00_81116	444	182.772	0	0
sufB__ABRP41_RS00305_m00_81719	1383	1089.94	1	5036.23
ABRP41_RS00310__ABRP41_RS00310_m00_83523	678	392.438	0	0
ABRP41_RS00315__ABRP41_RS00315_m00_84246	273	77	0	0
ABRP41_RS00320__ABRP41_RS00320_m00_84508	1221	927.938	0	0
ABRP41_RS00325__ABRP41_RS00325_m00_85814	1221	927.938	0	0
rplS__ABRP41_RS00330_m00_87223	348	119.114	0	0
ABRP41_RS00340__ABRP41_RS00340_m00_88250	1179	885.938	0	0
ABRP41_RS00345__ABRP41_RS00345_m00_89430	660	374.438	0	0
ABRP41_RS00350__ABRP41_RS00350_m00_90169	72	73	0	0
ABRP41_RS00360__ABRP41_RS00360_m00_91056	1119	825.938	0	0
ABRP41_RS00365__ABRP41_RS00365_m00_92381	1227	933.938	0	0
ABRP41_RS00370__ABRP41_RS00370_m00_94038	576	290.438	0	0
gyrB__ABRP41_RS00375_m00_94613	1953	1659.94	1	3306.86
ezrA__ABRP41_RS00380_m00_96661	1725	1431.94	0	0
hisC__ABRP41_RS00390_m00_99559	1050	756.938	0	0
ABRP41_RS00395__ABRP41_RS00395_m00_100605	963	669.938	0	0
hisG__ABRP41_RS00400_m00_101577	648	362.438	0	0
hisD__ABRP41_RS00405_m00_102221	1284	990.938	0	0
serB__ABRP41_RS00410_m00_103491	648	362.438	0	0
hisB__ABRP41_RS00415_m00_104135	585	299.438	0	0
ABRP41_RS00420__ABRP41_RS00420_m00_104735	354	114.875	0	0
hisH__ABRP41_RS00425_m00_105085	606	320.438	0	0
hisA__ABRP41_RS00430_m00_106130	720	434.438	0	0
hisF__ABRP41_RS00435_m00_106852	756	470.438	0	0
hisI__ABRP41_RS00440_m00_107607	330	109.561	0	0
ABRP41_RS00445__ABRP41_RS00445_m00_108050	1341	1047.94	0	0
hisE__ABRP41_RS00450_m00_109341	315	96.95	0	0
ABRP41_RS00455__ABRP41_RS00455_m00_109668	180	41.7273	0	0
ABRP41_RS00470__ABRP41_RS00470_m00_110590	663	377.438	0	0
ABRP41_RS00475__ABRP41_RS00475_m00_111375	672	386.438	0	0
ABRP41_RS00480__ABRP41_RS00480_m00_112039	165	29.6	0	0
ABRP41_RS00485__ABRP41_RS00485_m00_112414	258	69.2857	0	0
ABRP41_RS00495__ABRP41_RS00495_m00_113399	426	164.772	0	0
ABRP41_RS00500__ABRP41_RS00500_m00_113835	1113	819.938	0	0
ABRP41_RS00510__ABRP41_RS00510_m00_115625	270	74	0	0
ABRP41_RS00515__ABRP41_RS00515_m00_115932	642	356.438	0	0
eno__ABRP41_RS00520_m00_116970	1299	1005.94	0	0
ABRP41_RS00525__ABRP41_RS00525_m00_118332	297	89.0278	0	0
ABRP41_RS00530__ABRP41_RS00530_m00_118842	696	410.438	0	0
uvrC__ABRP41_RS00540_m00_120842	1788	1494.94	0	0
ABRP41_RS00545__ABRP41_RS00545_m00_122776	603	317.438	0	0
pepV__ABRP41_RS00550_m00_123393	1413	1119.94	1	4901.32
ABRP41_RS00555__ABRP41_RS00555_m00_124878	588	302.438	0	0
ABRP41_RS00565__ABRP41_RS00565_m00_125986	351	122.114	0	0
ABRP41_RS00570__ABRP41_RS00570_m00_126354	804	510.938	0	0
rpiA__ABRP41_RS00580_m00_128801	678	392.438	0	0
ABRP41_RS00585__ABRP41_RS00585_m00_129533	1212	918.938	0	0
ABRP41_RS00590__ABRP41_RS00590_m00_130746	216	54.7222	0	0
ABRP41_RS00595__ABRP41_RS00595_m00_131296	465	197.237	0	0
ABRP41_RS00600__ABRP41_RS00600_m00_131771	810	516.938	0	0
ABRP41_RS00605__ABRP41_RS00605_m00_132590	711	425.438	0	0
deoD__ABRP41_RS00610_m00_133514	705	419.438	0	0
ABRP41_RS00615__ABRP41_RS00615_m00_134220	768	482.438	0	0
ABRP41_RS00625/pseudo__ABRP41_RS00625/pseudo_m00_136205	786	492.938	0	0
ABRP41_RS00630__ABRP41_RS00630_m00_137000	930	636.938	0	0
pyrF__ABRP41_RS00635_m00_137922	693	407.438	0	0
pyrE__ABRP41_RS00640_m00_138715	630	344.438	0	0
ABRP41_RS00645__ABRP41_RS00645_m00_139676	501	223.339	0	0
ABRP41_RS00650__ABRP41_RS00650_m00_140350	342	121.561	0	0
ABRP41_RS00655__ABRP41_RS00655_m00_140751	1443	1149.94	0	0
ABRP41_RS00660__ABRP41_RS00660_m00_142308	852	558.938	0	0
ABRP41_RS00665__ABRP41_RS00665_m00_143309	654	368.438	0	0
ABRP41_RS00670__ABRP41_RS00670_m00_143985	654	368.438	0	0
ABRP41_RS00675__ABRP41_RS00675_m00_144648	1269	975.938	0	0
nt5e__ABRP41_RS00680_m00_146105	2112	1818.94	0	0
parE__ABRP41_RS00690_m00_149154	1950	1656.94	0	0
ABRP41_RS00695__ABRP41_RS00695_m00_151119	1341	1047.94	0	0
ABRP41_RS00700__ABRP41_RS00700_m00_152741	750	464.438	0	0
fic__ABRP41_RS00705_m00_153535	606	320.438	0	0
ABRP41_RS00710__ABRP41_RS00710_m00_154258	558	272.438	0	0
ABRP41_RS00715__ABRP41_RS00715_m00_154840	567	281.438	0	0
parC__ABRP41_RS00720_m00_155599	2457	2163.94	0	0
ABRP41_RS00725__ABRP41_RS00725_m00_158268	1056	762.938	0	0
ABRP41_RS00730__ABRP41_RS00730_m00_159388	231	63.75	0	0
ABRP41_RS00735__ABRP41_RS00735_m00_159678	81	82	0	0
ABRP41_RS00740__ABRP41_RS00740_m00_159915	72	73	0	0
rpsA__ABRP41_RS00745_m00_160119	1200	906.938	2	12104.8
ABRP41_RS00750__ABRP41_RS00750_m00_161456	72	73	0	0
ssrA__ABRP41_RS00760_m00_162518	349	120.114	2	91399.7
ABRP41_RS00765__ABRP41_RS00765_m00_162911	621	335.438	0	0
ABRP41_RS00785__ABRP41_RS00785_m00_165665	3105	2811.94	0	0
pfkA__ABRP41_RS00790_m00_168852	1014	720.938	0	0
pyk__ABRP41_RS00795_m00_169939	1503	1209.94	0	0
ABRP41_RS00800__ABRP41_RS00800_m00_171732	243	61.76	0	0
lepB__ABRP41_RS00805_m00_172053	555	269.438	0	0
glmS__ABRP41_RS00810_m00_172780	1815	1521.94	0	0
ABRP41_RS00815__ABRP41_RS00815_m00_175082	1770	1476.94	0	0
ABRP41_RS00820__ABRP41_RS00820_m00_176881	1953	1659.94	0	0
ABRP41_RS00825__ABRP41_RS00825_m00_178835	438	176.772	0	0
ABRP41_RS00830__ABRP41_RS00830_m00_179288	1149	855.938	0	0
ABRP41_RS00835__ABRP41_RS00835_m00_180611	333	112.561	0	0
ABRP41_RS00840__ABRP41_RS00840_m00_181134	642	356.438	0	0
ABRP41_RS00845__ABRP41_RS00845_m00_181784	630	344.438	0	0
ABRP41_RS00850__ABRP41_RS00850_m00_182435	834	540.938	0	0
pcrA__ABRP41_RS00865_m00_186415	2277	1983.94	0	0
ABRP41_RS00870__ABRP41_RS00870_m00_189005	1281	987.938	0	0
ABRP41_RS00875__ABRP41_RS00875_m00_190299	741	455.438	0	0
ABRP41_RS00880__ABRP41_RS00880_m00_191136	771	485.438	0	0
ABRP41_RS00885__ABRP41_RS00885_m00_192103	714	428.438	0	0
ABRP41_RS00890__ABRP41_RS00890_m00_192830	564	278.438	0	0
ABRP41_RS00900__ABRP41_RS00900_m00_194178	702	416.438	0	0
ABRP41_RS00905__ABRP41_RS00905_m00_194895	2634	2340.94	0	0
ABRP41_RS00910__ABRP41_RS00910_m00_197721	612	326.438	0	0
ABRP41_RS00915__ABRP41_RS00915_m00_198343	1773	1479.94	0	0
ABRP41_RS00920__ABRP41_RS00920_m00_200108	1746	1452.94	0	0
ABRP41_RS00925__ABRP41_RS00925_m00_202131	747	461.438	0	0
ABRP41_RS00930__ABRP41_RS00930_m00_202950	1023	729.938	0	0
ABRP41_RS00935__ABRP41_RS00935_m00_204267	1257	963.938	0	0
ABRP41_RS00940__ABRP41_RS00940_m00_205535	3186	2892.94	0	0
ABRP41_RS00945__ABRP41_RS00945_m00_208852	435	173.772	0	0
ABRP41_RS00950__ABRP41_RS00950_m00_209290	297	89.0278	0	0
ABRP41_RS00955/pseudo__ABRP41_RS00955/pseudo_m00_209715	192	43.0714	0	0
ABRP41_RS00960__ABRP41_RS00960_m00_210005	912	618.938	0	0
ABRP41_RS00965__ABRP41_RS00965_m00_211089	234	66.75	0	0
ABRP41_RS00970__ABRP41_RS00970_m00_211322	1365	1071.94	0	0
ABRP41_RS00990__ABRP41_RS00990_m00_215353	690	404.438	0	0
ABRP41_RS00995__ABRP41_RS00995_m00_216043	1314	1020.94	0	0
truB__ABRP41_RS01000_m00_217466	882	588.938	0	0
ABRP41_RS01005__ABRP41_RS01005_m00_218378	921	627.938	0	0
spx__ABRP41_RS01010_m00_219359	414	152.772	0	0
ABRP41_RS01015__ABRP41_RS01015_m00_219765	279	80.5625	0	0
ABRP41_RS01020__ABRP41_RS01020_m00_220033	759	473.438	0	0
ABRP41_RS01025__ABRP41_RS01025_m00_220855	1311	1017.94	0	0
ABRP41_RS01030__ABRP41_RS01030_m00_222262	864	570.938	0	0
pstC__ABRP41_RS01035_m00_223198	936	642.938	0	0
pstA__ABRP41_RS01040_m00_224123	888	594.938	0	0
pstB__ABRP41_RS01045_m00_225026	804	510.938	0	0
pstB__ABRP41_RS01050_m00_225841	759	473.438	0	0
phoU__ABRP41_RS01055_m00_226631	654	368.438	0	0
ABRP41_RS01060__ABRP41_RS01060_m00_227325	2550	2256.94	0	0
ciaX__ABRP41_RS01065_m00_230275	264	72.8966	0	0
ciaR__ABRP41_RS01070_m00_230589	675	389.438	0	0
ciaH__ABRP41_RS01075_m00_231253	1308	1014.94	2	10816.8
ABRP41_RS01090__ABRP41_RS01090_m00_233974	597	311.438	0	0
ABRP41_RS01095__ABRP41_RS01095_m00_234679	1278	984.938	0	0
deoC__ABRP41_RS01100_m00_235975	663	377.438	1	14543.3
ABRP41_RS01105__ABRP41_RS01105_m00_236543	471	196.639	0	0
ABRP41_RS01110__ABRP41_RS01110_m00_237103	1050	756.938	0	0
ABRP41_RS01115__ABRP41_RS01115_m00_238270	1533	1239.94	0	0
ABRP41_RS01120__ABRP41_RS01120_m00_239795	1077	783.938	0	0
ABRP41_RS01125__ABRP41_RS01125_m00_240873	957	663.938	0	0
nox__ABRP41_RS01130_m00_242069	1374	1080.94	0	0
ABRP41_RS01135__ABRP41_RS01135_m00_243609	1137	843.938	0	0
gyrA__ABRP41_RS01145_m00_245979	2463	2169.94	0	0
ABRP41_RS01150__ABRP41_RS01150_m00_248448	741	455.438	0	0
gloA2__ABRP41_RS01155_m00_249406	405	149.145	0	0
ABRP41_RS01160__ABRP41_RS01160_m00_249895	972	678.938	0	0
ABRP41_RS01165__ABRP41_RS01165_m00_251146	1254	960.938	0	0
ABRP41_RS01170__ABRP41_RS01170_m00_252614	813	519.938	0	0
ABRP41_RS01175__ABRP41_RS01175_m00_253492	642	356.438	0	0
ABRP41_RS01180__ABRP41_RS01180_m00_254690	597	311.438	0	0
ABRP41_RS01185__ABRP41_RS01185_m00_255298	615	329.438	0	0
ABRP41_RS01190/pseudo__ABRP41_RS01190/pseudo_m00_255909	594	308.438	0	0
ABRP41_RS01195__ABRP41_RS01195_m00_256515	1437	1143.94	0	0
ABRP41_RS01200__ABRP41_RS01200_m00_258336	1125	831.938	0	0
ABRP41_RS01205__ABRP41_RS01205_m00_259733	963	669.938	0	0
ABRP41_RS01210__ABRP41_RS01210_m00_260695	483	205.339	0	0
ABRP41_RS01215__ABRP41_RS01215_m00_261174	723	437.438	0	0
ABRP41_RS01220__ABRP41_RS01220_m00_261896	1521	1227.94	0	0
ABRP41_RS01260__ABRP41_RS01260_m00_271077	576	290.438	0	0
prfA__ABRP41_RS01265_m00_271712	1080	786.938	0	0
prmC__ABRP41_RS01270_m00_272791	834	540.938	0	0
ABRP41_RS01275__ABRP41_RS01275_m00_273617	591	305.438	0	0
glyA__ABRP41_RS01280_m00_274217	1263	969.938	0	0
ABRP41_RS01285__ABRP41_RS01285_m00_275476	978	684.938	0	0
ABRP41_RS01290__ABRP41_RS01290_m00_276455	615	329.438	0	0
ABRP41_RS01295__ABRP41_RS01295_m00_277079	1734	1440.94	0	0
ABRP41_RS01300__ABRP41_RS01300_m00_278809	1746	1452.94	0	0
ABRP41_RS01325__ABRP41_RS01325_m00_284527	1671	1377.94	1	3983.61
ABRP41_RS01330__ABRP41_RS01330_m00_286261	492	214.339	0	0
ABRP41_RS01335__ABRP41_RS01335_m00_286801	852	558.938	0	0
ABRP41_RS01340__ABRP41_RS01340_m00_287816	528	246.508	0	0
ABRP41_RS01345__ABRP41_RS01345_m00_288333	447	185.772	0	0
ABRP41_RS01350__ABRP41_RS01350_m00_288789	861	567.938	0	0
ABRP41_RS01355__ABRP41_RS01355_m00_289630	789	495.938	0	0
ABRP41_RS01365__ABRP41_RS01365_m00_292301	699	413.438	0	0
ABRP41_RS01370__ABRP41_RS01370_m00_293003	633	347.438	0	0
ABRP41_RS01375__ABRP41_RS01375_m00_293908	1215	921.938	0	0
ABRP41_RS01380__ABRP41_RS01380_m00_295125	1731	1437.94	0	0
ABRP41_RS01385__ABRP41_RS01385_m00_296965	333	112.561	0	0
ffh__ABRP41_RS01390_m00_297410	1551	1257.94	0	0
ABRP41_RS01395__ABRP41_RS01395_m00_299283	225	57.75	0	0
ABRP41_RS01400__ABRP41_RS01400_m00_299604	669	383.438	0	0
ABRP41_RS01405__ABRP41_RS01405_m00_300269	738	452.438	0	0
radC__ABRP41_RS01410_m00_301104	681	395.438	0	0
ABRP41_RS01445__ABRP41_RS01445_m00_306790	180	41.7273	0	0
ABRP41_RS01450__ABRP41_RS01450_m00_307056	666	380.438	0	0
ABRP41_RS01455__ABRP41_RS01455_m00_307696	834	540.938	1	10147.5
ABRP41_RS01460__ABRP41_RS01460_m00_308526	891	597.938	0	0
pta__ABRP41_RS01465_m00_309433	996	702.938	0	0
ABRP41_RS01480__ABRP41_RS01480_m00_313040	756	470.438	0	0
ABRP41_RS01485__ABRP41_RS01485_m00_313811	834	540.938	0	0
ABRP41_RS01490__ABRP41_RS01490_m00_314777	693	407.438	0	0
ABRP41_RS01495__ABRP41_RS01495_m00_315469	879	585.938	0	0
xerS__ABRP41_RS01510_m00_318159	1071	777.938	0	0
ABRP41_RS01560/pseudo__ABRP41_RS01560/pseudo_m00_325535	138	24	0	0
ABRP41_RS01610__ABRP41_RS01610_m00_332818	1404	1110.94	0	0
ABRP41_RS01615__ABRP41_RS01615_m00_334451	690	404.438	0	0
citG__ABRP41_RS01620_m00_335146	891	597.938	0	0
citC__ABRP41_RS01625_m00_336212	1050	756.938	0	0
ABRP41_RS01660__ABRP41_RS01660_m00_1030	1434	1140.94	0	0
ABRP41_RS01665__ABRP41_RS01665_m00_2530	1176	882.938	0	0
ABRP41_RS01700__ABRP41_RS01700_m00_10987	597	311.438	0	0
mdaB__ABRP41_RS01705_m00_11580	567	281.438	0	0
murT__ABRP41_RS01750_m00_23269	1344	1050.94	0	0
gatD__ABRP41_RS01755_m00_24612	789	495.938	0	0
ABRP41_RS01805__ABRP41_RS01805_m00_35280	315	96.95	0	0
ABRP41_RS01830__ABRP41_RS01830_m00_40597	1650	1356.94	0	0
ABRP41_RS01835__ABRP41_RS01835_m00_42551	1398	1104.94	0	0
ABRP41_RS01965__ABRP41_RS01965_m00_67393	177	38.7273	0	0
ABRP41_RS01970__ABRP41_RS01970_m00_67891	642	356.438	0	0
ABRP41_RS02000__ABRP41_RS02000_m00_73730	1146	852.938	1	6435.61
ABRP41_RS02140__ABRP41_RS02140_m00_109515	783	489.938	0	0
ABRP41_RS02145__ABRP41_RS02145_m00_110294	813	519.938	0	0
ABRP41_RS02150__ABRP41_RS02150_m00_111124	705	419.438	0	0
ABRP41_RS02155__ABRP41_RS02155_m00_111843	651	365.438	0	0
ABRP41_RS02265__ABRP41_RS02265_m00_136474	459	191.237	0	0
ABRP41_RS02325__ABRP41_RS02325_m00_145411	414	152.772	0	0
ABRP41_RS02360__ABRP41_RS02360_m00_155497	1248	954.938	0	0
ABRP41_RS02365__ABRP41_RS02365_m00_156821	1362	1068.94	0	0
ABRP41_RS02370__ABRP41_RS02370_m00_158182	837	543.938	0	0
ABRP41_RS02375__ABRP41_RS02375_m00_159043	1134	840.938	0	0
birA__ABRP41_RS02410_m00_171471	936	642.938	0	0
ABRP41_RS02470__ABRP41_RS02470_m00_185962	1080	786.938	0	0
ABRP41_RS02520__ABRP41_RS02520_m00_195450	666	380.438	0	0
gloA__ABRP41_RS02525_m00_196151	393	137.145	0	0
ABRP41_RS02535__ABRP41_RS02535_m00_197513	1686	1392.94	0	0
ABRP41_RS02645__ABRP41_RS02645_m00_215852	354	114.875	0	0
ABRP41_RS02655__ABRP41_RS02655_m00_218787	777	483.938	0	0
ABRP41_RS02695/pseudo__ABRP41_RS02695/pseudo_m00_226175	188	46.0833	0	0
tehB__ABRP41_RS02720_m00_229138	882	588.938	0	0
ABRP41_RS02740__ABRP41_RS02740_m00_231648	828	534.938	0	0
ABRP41_RS02885__ABRP41_RS02885_m00_4517	492	214.339	0	0
ABRP41_RS02970__ABRP41_RS02970_m00_19442	420	158.772	0	0
ABRP41_RS02975__ABRP41_RS02975_m00_19858	294	86.0278	0	0
ABRP41_RS03000__ABRP41_RS03000_m00_24852	813	519.938	0	0
ABRP41_RS03005__ABRP41_RS03005_m00_25779	408	149.482	0	0
ABRP41_RS03010__ABRP41_RS03010_m00_26199	324	103.561	0	0
pflB__ABRP41_RS03020_m00_27863	2328	2034.94	1	2697.47
ABRP41_RS03025__ABRP41_RS03025_m00_30352	441	179.772	0	0
ABRP41_RS03045__ABRP41_RS03045_m00_33787	2277	1983.94	0	0
ABRP41_RS03050__ABRP41_RS03050_m00_36322	300	92.0278	0	0
ABRP41_RS03060__ABRP41_RS03060_m00_37391	1173	879.938	0	0
ABRP41_RS03065__ABRP41_RS03065_m00_38727	426	164.772	0	0
ABRP41_RS03100__ABRP41_RS03100_m00_43126	1047	753.938	0	0
ABRP41_RS03105__ABRP41_RS03105_m00_44193	969	675.938	0	0
ABRP41_RS03110__ABRP41_RS03110_m00_45536	903	609.938	0	0
ABRP41_RS03165__ABRP41_RS03165_m00_54321	231	63.75	0	0
rnjA__ABRP41_RS03170_m00_54553	1683	1389.94	0	0
ABRP41_RS03260__ABRP41_RS03260_m00_77777	83	84	0	0
ABRP41_RS03265__ABRP41_RS03265_m00_78022	89	90	0	0
ABRP41_RS03290__ABRP41_RS03290_m00_80777	315	96.95	0	0
ABRP41_RS03395__ABRP41_RS03395_m00_99021	1020	726.938	0	0
galU__ABRP41_RS03400_m00_100042	921	627.938	0	0
ABRP41_RS03505__ABRP41_RS03505_m00_118549	219	57.7222	0	0
gshAB__ABRP41_RS03645_m00_146644	2304	2010.94	0	0
ABRP41_RS03670__ABRP41_RS03670_m00_154274	957	663.938	0	0
pbp3__ABRP41_RS03705_m00_162688	1242	948.938	0	0
ABRP41_RS03760__ABRP41_RS03760_m00_175421	1554	1260.94	0	0
ABRP41_RS03765__ABRP41_RS03765_m00_176974	741	455.438	0	0
ABRP41_RS03770__ABRP41_RS03770_m00_178017	591	305.438	0	0
ABRP41_RS03775__ABRP41_RS03775_m00_178803	720	434.438	0	0
ABRP41_RS03780__ABRP41_RS03780_m00_179519	1224	930.938	0	0
ABRP41_RS03785__ABRP41_RS03785_m00_180768	642	356.438	0	0
ABRP41_RS03825__ABRP41_RS03825_m00_189815	564	278.438	0	0
ABRP41_RS03830__ABRP41_RS03830_m00_181	687	401.438	0	0
ABRP41_RS03835__ABRP41_RS03835_m00_867	735	449.438	0	0
ABRP41_RS03840__ABRP41_RS03840_m00_1794	477	202.639	0	0
feoB__ABRP41_RS03845_m00_2267	2151	1857.94	0	0
ABRP41_RS03850__ABRP41_RS03850_m00_4436	147	27.8	0	0
ABRP41_RS03855__ABRP41_RS03855_m00_4702	855	561.938	0	0
ABRP41_RS03860__ABRP41_RS03860_m00_5553	834	540.938	0	0
xseA__ABRP41_RS03885_m00_10988	1344	1050.94	0	0
ABRP41_RS03890__ABRP41_RS03890_m00_12306	222	57.6316	0	0
ABRP41_RS03895__ABRP41_RS03895_m00_12524	870	576.938	1	9514.32
ABRP41_RS03900__ABRP41_RS03900_m00_13386	828	534.938	0	0
ABRP41_RS03905__ABRP41_RS03905_m00_14200	465	197.237	0	0
recN__ABRP41_RS03910_m00_14681	1659	1365.94	0	0
ABRP41_RS03915__ABRP41_RS03915_m00_16561	840	546.938	0	0
ABRP41_RS03920__ABRP41_RS03920_m00_17393	858	564.938	0	0
ABRP41_RS03925__ABRP41_RS03925_m00_18225	600	314.438	0	0
ABRP41_RS03930__ABRP41_RS03930_m00_18921	276	77.5625	0	0
ABRP41_RS03950/pseudo__ABRP41_RS03950/pseudo_m00_21645	477	202.639	0	0
ABRP41_RS03955__ABRP41_RS03955_m00_22184	156	20.6	0	0
ABRP41_RS03965__ABRP41_RS03965_m00_23555	693	407.438	0	0
pbp2b__ABRP41_RS03970_m00_24494	2079	1785.94	0	0
recR__ABRP41_RS03975_m00_26582	600	314.438	0	0
ABRP41_RS03980__ABRP41_RS03980_m00_27393	1050	756.938	0	0
ABRP41_RS03990__ABRP41_RS03990_m00_29527	951	657.938	1	8342.99
ABRP41_RS03995__ABRP41_RS03995_m00_30555	1359	1065.94	0	0
ABRP41_RS04000/pseudo__ABRP41_RS04000/pseudo_m00_32020	833	539.938	0	0
ABRP41_RS04005__ABRP41_RS04005_m00_32865	1248	954.938	0	0
ABRP41_RS04010__ABRP41_RS04010_m00_34168	684	398.438	0	0
ABRP41_RS04015__ABRP41_RS04015_m00_35035	1545	1251.94	0	0
ABRP41_RS04020__ABRP41_RS04020_m00_36833	1836	1542.94	0	0
spaP__ABRP41_RS04025_m00_38906	4689	4395.94	4	4994.77
ABRP41_RS04030__ABRP41_RS04030_m00_43884	1554	1260.94	0	0
ABRP41_RS04035__ABRP41_RS04035_m00_45927	279	80.5625	0	0
ABRP41_RS04040__ABRP41_RS04040_m00_46391	270	74	0	0
ABRP41_RS04045__ABRP41_RS04045_m00_47490	249	62.8148	0	0
ABRP41_RS04050__ABRP41_RS04050_m00_47782	360	116.24	1	47222.8
ABRP41_RS04070__ABRP41_RS04070_m00_51896	753	467.438	0	0
ABRP41_RS04075__ABRP41_RS04075_m00_52789	678	392.438	0	0
ABRP41_RS04080__ABRP41_RS04080_m00_53456	2235	1941.94	0	0
ABRP41_RS04085__ABRP41_RS04085_m00_55876	627	341.438	0	0
holA__ABRP41_RS04090_m00_56670	1041	747.938	0	0
sodA__ABRP41_RS04095_m00_57857	612	326.438	1	16815.4
ABRP41_RS04100__ABRP41_RS04100_m00_59020	1056	762.938	1	7194.78
ABRP41_RS04105__ABRP41_RS04105_m00_60240	759	473.438	0	0
ABRP41_RS04110__ABRP41_RS04110_m00_61067	465	197.237	0	0
ABRP41_RS04115__ABRP41_RS04115_m00_61578	1230	936.938	0	0
ABRP41_RS04125__ABRP41_RS04125_m00_64180	699	413.438	0	0
nagB__ABRP41_RS04130_m00_65008	702	416.438	2	26362.5
ABRP41_RS04140__ABRP41_RS04140_m00_66724	717	431.438	0	0
ABRP41_RS04145__ABRP41_RS04145_m00_67455	501	223.339	0	0
ABRP41_RS04155__ABRP41_RS04155_m00_69546	969	675.938	0	0
ABRP41_RS04165__ABRP41_RS04165_m00_70759	282	83.5625	0	0
ABRP41_RS04170__ABRP41_RS04170_m00_71146	894	600.938	0	0
ABRP41_RS04175__ABRP41_RS04175_m00_72347	939	645.938	0	0
pepF__ABRP41_RS04180_m00_73307	1800	1506.94	0	0
ABRP41_RS04185__ABRP41_RS04185_m00_75319	618	332.438	0	0
ABRP41_RS04190__ABRP41_RS04190_m00_75986	708	422.438	0	0
prsA__ABRP41_RS04195_m00_76755	1002	708.938	0	0
ABRP41_RS04200__ABRP41_RS04200_m00_77995	501	223.339	0	0
alaS__ABRP41_RS04205_m00_78710	2619	2325.94	0	0
ABRP41_RS04225__ABRP41_RS04225_m00_84527	702	416.438	0	0
ABRP41_RS04230/pseudo__ABRP41_RS04230/pseudo_m00_85230	749	463.438	0	0
ABRP41_RS04235__ABRP41_RS04235_m00_85978	747	461.438	0	0
ABRP41_RS04240__ABRP41_RS04240_m00_87100	840	546.938	0	0
ABRP41_RS04245__ABRP41_RS04245_m00_87979	660	374.438	0	0
ABRP41_RS04250__ABRP41_RS04250_m00_88629	1383	1089.94	0	0
ABRP41_RS04255__ABRP41_RS04255_m00_90317	246	64.76	0	0
ABRP41_RS04260__ABRP41_RS04260_m00_90707	690	404.438	0	0
argC__ABRP41_RS04265_m00_91531	1023	729.938	0	0
argJ__ABRP41_RS04270_m00_92712	1194	900.938	0	0
argB__ABRP41_RS04275_m00_93934	738	452.438	0	0
ABRP41_RS04280__ABRP41_RS04280_m00_94807	1140	846.938	0	0
acnA__ABRP41_RS04300_m00_100430	2667	2373.94	0	0
ABRP41_RS04305__ABRP41_RS04305_m00_103101	1119	825.938	0	0
icd__ABRP41_RS04310_m00_104221	1182	888.938	1	6174.98
ABRP41_RS04315__ABRP41_RS04315_m00_106070	798	504.938	0	0
ABRP41_RS04320__ABRP41_RS04320_m00_107033	264	72.8966	0	0
ptsP__ABRP41_RS04325_m00_107301	1734	1440.94	1	3809.45
gapN__ABRP41_RS04330_m00_109264	1428	1134.94	0	0
nmlR__ABRP41_RS04335_m00_111362	393	137.145	0	0
ABRP41_RS04340__ABRP41_RS04340_m00_111754	843	549.938	0	0
ABRP41_RS04345__ABRP41_RS04345_m00_112606	867	573.938	0	0
ABRP41_RS04350__ABRP41_RS04350_m00_113514	339	118.561	0	0
ABRP41_RS04355__ABRP41_RS04355_m00_114263	186	44.0833	0	0
ABRP41_RS04360__ABRP41_RS04360_m00_114751	2559	2265.94	0	0
ABRP41_RS04365__ABRP41_RS04365_m00_117325	3414	3120.94	0	0
ABRP41_RS04370__ABRP41_RS04370_m00_120742	690	404.438	0	0
ABRP41_RS04375__ABRP41_RS04375_m00_121428	402	146.145	0	0
ABRP41_RS04380__ABRP41_RS04380_m00_122504	498	220.339	0	0
atlA__ABRP41_RS04385_m00_123247	2940	2646.94	0	0
ABRP41_RS04390__ABRP41_RS04390_m00_126207	588	302.438	0	0
pepT__ABRP41_RS04395_m00_126887	1221	927.938	0	0
ABRP41_RS04400__ABRP41_RS04400_m00_128163	486	208.339	0	0
ABRP41_RS04410__ABRP41_RS04410_m00_128880	483	205.339	0	0
cmk__ABRP41_RS04415_m00_129373	684	398.438	0	0
infC__ABRP41_RS04420_m00_130223	531	249.508	0	0
rpmI__ABRP41_RS04425_m00_130788	201	48.7333	0	0
rplT__ABRP41_RS04430_m00_131033	360	116.24	0	0
ABRP41_RS04470__ABRP41_RS04470_m00_136928	525	243.508	0	0
ABRP41_RS04475__ABRP41_RS04475_m00_137436	390	134.145	0	0
ppc__ABRP41_RS04480_m00_137943	2724	2430.94	0	0
ftsW__ABRP41_RS04485_m00_140961	1278	984.938	0	0
tuf__ABRP41_RS04490_m00_142457	1197	903.938	1	6072.51
tpiA__ABRP41_RS04495_m00_143949	759	473.438	0	0
ABRP41_RS04520__ABRP41_RS04520_m00_149839	879	585.938	0	0
ABRP41_RS04525__ABRP41_RS04525_m00_150779	393	137.145	0	0
ABRP41_RS04530__ABRP41_RS04530_m00_151573	2682	2388.94	0	0
ABRP41_RS04535__ABRP41_RS04535_m00_154367	741	455.438	0	0
ABRP41_RS04545__ABRP41_RS04545_m00_156511	384	135.654	0	0
ABRP41_RS04550__ABRP41_RS04550_m00_156881	885	591.938	0	0
ABRP41_RS04555__ABRP41_RS04555_m00_158034	213	54.8235	0	0
ABRP41_RS04560__ABRP41_RS04560_m00_158248	735	449.438	0	0
ABRP41_RS04565__ABRP41_RS04565_m00_158982	651	365.438	0	0
ABRP41_RS04570__ABRP41_RS04570_m00_159652	198	49.0714	0	0
ABRP41_RS04575__ABRP41_RS04575_m00_159846	426	164.772	0	0
ABRP41_RS04580__ABRP41_RS04580_m00_160457	450	188.772	0	0
ABRP41_RS04585__ABRP41_RS04585_m00_160972	1209	915.938	0	0
ABRP41_RS04590/pseudo__ABRP41_RS04590/pseudo_m00_162328	308	94.8947	0	0
ABRP41_RS04600__ABRP41_RS04600_m00_164645	1059	765.938	0	0
ABRP41_RS04605__ABRP41_RS04605_m00_165788	810	516.938	0	0
ABRP41_RS04610__ABRP41_RS04610_m00_166594	822	528.938	0	0
ftsY__ABRP41_RS04615_m00_167417	1497	1203.94	0	0
ABRP41_RS04640__ABRP41_RS04640_m00_173541	2127	1833.94	1	2993.11
ABRP41_RS04645__ABRP41_RS04645_m00_175654	438	176.772	0	0
ABRP41_RS04650__ABRP41_RS04650_m00_176179	300	92.0278	0	0
hprK__ABRP41_RS04655_m00_176676	936	642.938	1	8537.64
lgt__ABRP41_RS04660_m00_177604	780	486.938	0	0
ABRP41_RS04665__ABRP41_RS04665_m00_178412	396	140.145	0	0
ABRP41_RS04670__ABRP41_RS04670_m00_178807	456	188.237	0	0
ABRP41_RS04680__ABRP41_RS04680_m00_179887	927	633.938	0	0
ABRP41_RS04685__ABRP41_RS04685_m00_181085	1287	993.938	0	0
ahpC__ABRP41_RS04690_m00_182501	561	275.438	0	0
ahpF__ABRP41_RS04695_m00_183071	1533	1239.94	0	0
ABRP41_RS04850__ABRP41_RS04850_m00_16940	687	401.438	0	0
ABRP41_RS04885__ABRP41_RS04885_m00_27895	71	72	0	0
ABRP41_RS04890__ABRP41_RS04890_m00_28410	957	663.938	0	0
treR__ABRP41_RS04915_m00_35710	714	428.438	0	0
ABRP41_RS04975__ABRP41_RS04975_m00_49422	492	214.339	0	0
ABRP41_RS04980__ABRP41_RS04980_m00_49903	1266	972.938	0	0
ssrS__ABRP41_RS04985_m00_51238	194	45.0714	0	0
ABRP41_RS04990__ABRP41_RS04990_m00_51431	73	74	0	0
ABRP41_RS05000__ABRP41_RS05000_m00_53590	795	501.938	0	0
ABRP41_RS05010__ABRP41_RS05010_m00_55699	876	582.938	0	0
ABRP41_RS05015__ABRP41_RS05015_m00_56643	654	368.438	0	0
zupT__ABRP41_RS05045_m00_67006	795	501.938	0	0
yaaA__ABRP41_RS05050_m00_67827	729	443.438	0	0
brsR__ABRP41_RS05095_m00_75366	435	173.772	0	0
brsM__ABRP41_RS05100_m00_75813	447	185.772	0	0
ABRP41_RS05145/pseudo__ABRP41_RS05145/pseudo_m00_83942	279	80.5625	0	0
ABRP41_RS05175/pseudo__ABRP41_RS05175/pseudo_m00_89395	441	179.772	0	0
argS__ABRP41_RS05180_m00_89936	1692	1398.94	0	0
ABRP41_RS05205__ABRP41_RS05205_m00_97091	1845	1551.94	0	0
rpmF__ABRP41_RS05210_m00_99064	183	41.0833	0	0
rpmG__ABRP41_RS05215_m00_99262	150	26.1667	0	0
mdeA__ABRP41_RS05235_m00_101452	1362	1068.94	0	0
ABRP41_RS05260__ABRP41_RS05260_m00_106443	756	470.438	0	0
ABRP41_RS05265__ABRP41_RS05265_m00_107650	1152	858.938	0	0
ABRP41_RS05270__ABRP41_RS05270_m00_108798	633	347.438	0	0
ABRP41_RS05275__ABRP41_RS05275_m00_109432	936	642.938	0	0
ABRP41_RS05280__ABRP41_RS05280_m00_110367	666	380.438	0	0
ABRP41_RS05295__ABRP41_RS05295_m00_112210	624	338.438	0	0
ABRP41_RS05300__ABRP41_RS05300_m00_112915	285	79.4	0	0
ABRP41_RS05310__ABRP41_RS05310_m00_114176	1377	1083.94	0	0
ilvD__ABRP41_RS05315_m00_115764	1716	1422.94	0	0
ABRP41_RS05325__ABRP41_RS05325_m00_118162	945	651.938	0	0
ABRP41_RS05335__ABRP41_RS05335_m00_121933	555	269.438	0	0
yaaA__ABRP41_RS05430_m00_140321	366	117.654	0	0
recF__ABRP41_RS05435_m00_140689	1092	798.938	0	0
ABRP41_RS05450__ABRP41_RS05450_m00_145036	1620	1326.94	0	0
ABRP41_RS05455__ABRP41_RS05455_m00_146695	2574	2280.94	0	0
ABRP41_RS05470__ABRP41_RS05470_m00_149966	74	75	0	0
ABRP41_RS05485__ABRP41_RS05485_m00_151750	1209	915.938	1	5992.95
ABRP41_RS05490__ABRP41_RS05490_m00_153436	771	485.438	0	0
dnaA__ABRP41_RS05495_m00_154408	1359	1065.94	0	0
dnaN__ABRP41_RS05500_m00_155922	1137	843.938	0	0
ABRP41_RS05505__ABRP41_RS05505_m00_157320	192	43.0714	0	0
ychF__ABRP41_RS05510_m00_157675	1116	822.938	0	0
pth__ABRP41_RS05515_m00_158877	570	284.438	0	0
mfd__ABRP41_RS05520_m00_159439	3498	3204.94	0	0
ABRP41_RS05525__ABRP41_RS05525_m00_163066	273	77	1	71288
ABRP41_RS05530__ABRP41_RS05530_m00_163325	372	123.654	0	0
ABRP41_RS05535__ABRP41_RS05535_m00_163696	120	15	0	0
ABRP41_RS05540__ABRP41_RS05540_m00_163825	1236	942.938	1	5821.35
tilS__ABRP41_RS05545_m00_165057	1272	978.938	0	0
hpt__ABRP41_RS05550_m00_166332	543	257.438	0	0
ftsH__ABRP41_RS05555_m00_166896	1971	1677.94	0	0
ABRP41_RS05560__ABRP41_RS05560_m00_169354	1416	1122.94	0	0
ABRP41_RS05655__ABRP41_RS05655_m00_20383	516	238.339	0	0
ABRP41_RS05670__ABRP41_RS05670_m00_23241	906	612.938	0	0
ABRP41_RS05750__ABRP41_RS05750_m00_40068	900	606.938	0	0
ABRP41_RS05775__ABRP41_RS05775_m00_44797	2106	1812.94	0	0
ABRP41_RS05790__ABRP41_RS05790_m00_48435	1263	969.938	0	0
ABRP41_RS05835__ABRP41_RS05835_m00_57090	1176	882.938	0	0
ABRP41_RS05840__ABRP41_RS05840_m00_58243	1284	990.938	0	0
ABRP41_RS05845__ABRP41_RS05845_m00_59669	471	196.639	0	0
trhA__ABRP41_RS05850_m00_60108	657	371.438	0	0
ABRP41_RS05895__ABRP41_RS05895_m00_68293	912	618.938	0	0
ABRP41_RS05900__ABRP41_RS05900_m00_69351	351	122.114	1	44951.4
queC__ABRP41_RS05945_m00_78358	654	368.438	0	0
queD__ABRP41_RS05950_m00_79011	447	185.772	0	0
queE__ABRP41_RS05955_m00_79454	717	431.438	0	0
queF__ABRP41_RS05960_m00_80183	489	211.339	0	0
ABRP41_RS05965__ABRP41_RS05965_m00_80780	384	135.654	0	0
ABRP41_RS05975__ABRP41_RS05975_m00_83260	510	232.339	0	0
ABRP41_RS06080__ABRP41_RS06080_m00_113270	999	705.938	0	0
ABRP41_RS06120__ABRP41_RS06120_m00_124149	837	543.938	0	0
ABRP41_RS06130__ABRP41_RS06130_m00_4666	612	326.438	0	0
ABRP41_RS06135__ABRP41_RS06135_m00_5394	417	155.772	0	0
ABRP41_RS06140__ABRP41_RS06140_m00_5807	459	191.237	0	0
ABRP41_RS06145__ABRP41_RS06145_m00_6258	411	152.482	0	0
glyQ__ABRP41_RS06150_m00_7119	918	624.938	0	0
glyS__ABRP41_RS06155_m00_8039	2040	1746.94	0	0
ABRP41_RS06160__ABRP41_RS06160_m00_10184	255	68.8148	0	0
ABRP41_RS06165__ABRP41_RS06165_m00_10562	381	132.654	0	0
proB__ABRP41_RS06170_m00_11440	801	507.938	0	0
ABRP41_RS06175__ABRP41_RS06175_m00_12244	1251	957.938	1	5730.2
rsmH__ABRP41_RS06180_m00_13797	951	657.938	0	0
ftsL__ABRP41_RS06185_m00_14757	324	103.561	0	0
pbp2X__ABRP41_RS06190_m00_15084	2250	1956.94	0	0
mraY__ABRP41_RS06195_m00_17335	1020	726.938	0	0
ABRP41_RS06200__ABRP41_RS06200_m00_18388	228	60.75	0	0
ABRP41_RS06205__ABRP41_RS06205_m00_18735	1344	1050.94	0	0
ABRP41_RS06210__ABRP41_RS06210_m00_20319	822	528.938	0	0
ABRP41_RS06215__ABRP41_RS06215_m00_21163	804	510.938	0	0
ABRP41_RS06220__ABRP41_RS06220_m00_21966	744	458.438	0	0
ABRP41_RS06225__ABRP41_RS06225_m00_22758	225	57.75	0	0
trxB__ABRP41_RS06230_m00_23045	915	621.938	0	0
ABRP41_RS06235__ABRP41_RS06235_m00_24423	1461	1167.94	0	0
nadE__ABRP41_RS06240_m00_25880	825	531.938	0	0
pepC__ABRP41_RS06245_m00_26817	1335	1041.94	0	0
ABRP41_RS06260__ABRP41_RS06260_m00_31164	522	240.508	0	0
gpsB__ABRP41_RS06265_m00_31791	339	118.561	0	0
rnpB__ABRP41_RS06270_m00_32147	375	126.654	1	43340
ABRP41_RS06275__ABRP41_RS06275_m00_32579	1155	861.938	0	0
ABRP41_RS06280__ABRP41_RS06280_m00_33749	1641	1347.94	0	0
ABRP41_RS06290__ABRP41_RS06290_m00_36177	1608	1314.94	0	0
gmk__ABRP41_RS06295_m00_38231	633	347.438	0	0
rpoZ__ABRP41_RS06300_m00_38887	318	97.561	0	0
ABRP41_RS06305__ABRP41_RS06305_m00_39246	2385	2091.94	0	0
fmt__ABRP41_RS06310_m00_41690	936	642.938	0	0
rsmB__ABRP41_RS06315_m00_42606	1323	1029.94	0	0
ABRP41_RS06320__ABRP41_RS06320_m00_43967	744	458.438	0	0
pknB__ABRP41_RS06325_m00_44707	1851	1557.94	0	0
liaF__ABRP41_RS06330_m00_46998	696	410.438	0	0
ABRP41_RS06335__ABRP41_RS06335_m00_47690	1005	711.938	0	0
ABRP41_RS06340__ABRP41_RS06340_m00_48687	642	356.438	0	0
ABRP41_RS06345__ABRP41_RS06345_m00_49372	1416	1122.94	0	0
ABRP41_RS06350__ABRP41_RS06350_m00_50771	387	133.611	0	0
ABRP41_RS06360__ABRP41_RS06360_m00_52143	747	461.438	0	0
ABRP41_RS06365__ABRP41_RS06365_m00_53138	2457	2163.94	0	0
ABRP41_RS06370__ABRP41_RS06370_m00_55613	669	383.438	0	0
ABRP41_RS06375__ABRP41_RS06375_m00_56319	1092	798.938	0	0
ABRP41_RS06390__ABRP41_RS06390_m00_59463	1302	1008.94	0	0
ABRP41_RS06395__ABRP41_RS06395_m00_60761	666	380.438	0	0
hpf__ABRP41_RS06400_m00_61505	549	263.438	0	0
ABRP41_RS06405__ABRP41_RS06405_m00_62177	1095	801.938	1	6844.88
ABRP41_RS06410__ABRP41_RS06410_m00_63291	1701	1407.94	0	0
ABRP41_RS06420__ABRP41_RS06420_m00_65975	858	564.938	0	0
ABRP41_RS06425__ABRP41_RS06425_m00_66822	810	516.938	0	0
ABRP41_RS06430__ABRP41_RS06430_m00_67615	939	645.938	0	0
ABRP41_RS06435__ABRP41_RS06435_m00_68639	183	41.0833	0	0
sppR__ABRP41_RS06440_m00_69077	747	461.438	0	0
sppA__ABRP41_RS06445_m00_69835	825	531.938	0	0
ABRP41_RS06450__ABRP41_RS06450_m00_70728	1065	771.938	0	0
ABRP41_RS06465__ABRP41_RS06465_m00_73237	204	45.8235	0	0
ABRP41_RS06470__ABRP41_RS06470_m00_73481	234	66.75	0	0
ABRP41_RS06475__ABRP41_RS06475_m00_73935	567	281.438	0	0
ABRP41_RS06480__ABRP41_RS06480_m00_74622	1776	1482.94	0	0
rsmD__ABRP41_RS06485_m00_76981	540	258.508	0	0
coaD__ABRP41_RS06490_m00_77510	501	223.339	0	0
sepM__ABRP41_RS06495_m00_77988	1041	747.938	0	0
ABRP41_RS06500__ABRP41_RS06500_m00_79101	1332	1038.94	0	0
ABRP41_RS06505__ABRP41_RS06505_m00_80429	549	263.438	0	0
rlmN__ABRP41_RS06510_m00_80974	1086	792.938	0	0
ABRP41_RS06515__ABRP41_RS06515_m00_82059	537	255.508	0	0
ABRP41_RS06520__ABRP41_RS06520_m00_82734	1764	1470.94	0	0
ABRP41_RS06525__ABRP41_RS06525_m00_84487	1743	1449.94	0	0
ABRP41_RS06535__ABRP41_RS06535_m00_87429	1035	741.938	0	0
ABRP41_RS06550__ABRP41_RS06550_m00_90479	312	98.8947	0	0
trpE__ABRP41_RS06555_m00_90799	1362	1068.94	0	0
ABRP41_RS06560__ABRP41_RS06560_m00_92157	564	278.438	0	0
trpD__ABRP41_RS06565_m00_92741	1008	714.938	0	0
trpC__ABRP41_RS06570_m00_93741	768	482.438	0	0
ABRP41_RS06575__ABRP41_RS06575_m00_94495	582	296.438	0	0
trpB__ABRP41_RS06580_m00_95073	1212	918.938	0	0
trpA__ABRP41_RS06585_m00_96288	783	489.938	0	0
dpr__ABRP41_RS06595_m00_98064	528	246.508	1	22267.7
ABRP41_RS06600__ABRP41_RS06600_m00_98798	207	48.8235	0	0
ABRP41_RS06605__ABRP41_RS06605_m00_98997	972	678.938	0	0
ABRP41_RS06610__ABRP41_RS06610_m00_99978	390	134.145	0	0
typA__ABRP41_RS06615_m00_100601	1845	1551.94	0	0
ABRP41_RS06620__ABRP41_RS06620_m00_102474	255	68.8148	0	0
murD__ABRP41_RS06625_m00_102917	1356	1062.94	0	0
ABRP41_RS06630__ABRP41_RS06630_m00_104275	1086	792.938	0	0
ABRP41_RS06635__ABRP41_RS06635_m00_105360	1125	831.938	0	0
ftsA__ABRP41_RS06640_m00_106636	1362	1068.94	0	0
ftsZ__ABRP41_RS06645_m00_108021	1305	1011.94	0	0
ABRP41_RS06650__ABRP41_RS06650_m00_109328	672	386.438	0	0
ABRP41_RS06655__ABRP41_RS06655_m00_110013	576	290.438	0	0
ABRP41_RS06660__ABRP41_RS06660_m00_110588	261	69.8966	1	78532.9
ABRP41_RS06665__ABRP41_RS06665_m00_110852	792	498.938	0	0
ABRP41_RS06670__ABRP41_RS06670_m00_111654	816	522.938	0	0
ileS__ABRP41_RS06675_m00_112979	2793	2499.94	1	2195.72
argF__ABRP41_RS06695_m00_119997	981	687.938	0	0
ABRP41_RS06700__ABRP41_RS06700_m00_121054	231	63.75	0	0
ABRP41_RS06710__ABRP41_RS06710_m00_467	213	54.8235	0	0
ABRP41_RS06725__ABRP41_RS06725_m00_3325	2181	1887.94	0	0
ABRP41_RS06735__ABRP41_RS06735_m00_7785	903	609.938	0	0
ABRP41_RS06745__ABRP41_RS06745_m00_11279	1158	864.938	0	0
aroD__ABRP41_RS06750_m00_12443	678	392.438	0	0
ABRP41_RS06755__ABRP41_RS06755_m00_13110	870	576.938	0	0
aroB__ABRP41_RS06760_m00_13993	1068	774.938	0	0
aroC__ABRP41_RS06765_m00_15062	1167	873.938	0	0
ABRP41_RS06770__ABRP41_RS06770_m00_16292	1107	813.938	0	0
ABRP41_RS06775__ABRP41_RS06775_m00_17409	342	121.561	0	0
aroA__ABRP41_RS06780_m00_17913	1284	990.938	0	0
ABRP41_RS06785__ABRP41_RS06785_m00_19189	477	202.639	0	0
pheA__ABRP41_RS06790_m00_19662	825	531.938	0	0
ABRP41_RS06795__ABRP41_RS06795_m00_20531	1389	1095.94	0	0
rlmD__ABRP41_RS06800_m00_22091	1356	1062.94	0	0
ABRP41_RS06805__ABRP41_RS06805_m00_23966	636	350.438	0	0
ABRP41_RS06810__ABRP41_RS06810_m00_25182	240	58.76	0	0
ABRP41_RS06815__ABRP41_RS06815_m00_25463	129	15	0	0
ABRP41_RS06820__ABRP41_RS06820_m00_25863	390	134.145	0	0
ABRP41_RS06825__ABRP41_RS06825_m00_26339	378	129.654	0	0
ABRP41_RS06830__ABRP41_RS06830_m00_26750	408	149.482	0	0
ABRP41_RS06835__ABRP41_RS06835_m00_27247	834	540.938	0	0
ABRP41_RS06840__ABRP41_RS06840_m00_28115	219	57.7222	0	0
ABRP41_RS06850__ABRP41_RS06850_m00_29484	129	15	0	0
obgE__ABRP41_RS06855_m00_29666	1311	1017.94	0	0
ABRP41_RS06860__ABRP41_RS06860_m00_31278	183	41.0833	0	0
ABRP41_RS06870__ABRP41_RS06870_m00_33369	1173	879.938	0	0
ABRP41_RS06885__ABRP41_RS06885_m00_37914	918	624.938	0	0
uvrB__ABRP41_RS06890_m00_39028	1992	1698.94	0	0
ABRP41_RS06895__ABRP41_RS06895_m00_41351	333	112.561	0	0
ABRP41_RS06900__ABRP41_RS06900_m00_41987	891	597.938	0	0
ABRP41_RS06905__ABRP41_RS06905_m00_42935	465	197.237	0	0
ABRP41_RS06910__ABRP41_RS06910_m00_43507	816	522.938	0	0
ABRP41_RS06915__ABRP41_RS06915_m00_44538	1137	843.938	0	0
ABRP41_RS06920__ABRP41_RS06920_m00_45707	816	522.938	0	0
rpsU__ABRP41_RS06925_m00_46758	177	38.7273	0	0
ABRP41_RS06935__ABRP41_RS06935_m00_47635	1521	1227.94	0	0
dnaG__ABRP41_RS06940_m00_49308	1779	1485.94	1	3694.08
rpoD__ABRP41_RS06945_m00_51094	1116	822.938	0	0
ABRP41_RS06950__ABRP41_RS06950_m00_52222	336	115.561	0	0
rfbD__ABRP41_RS06955_m00_52871	858	564.938	0	0
cps2T__ABRP41_RS06960_m00_53835	1155	861.938	0	0
ABRP41_RS06965__ABRP41_RS06965_m00_54979	936	642.938	0	0
ABRP41_RS06970__ABRP41_RS06970_m00_55914	810	516.938	0	0
ABRP41_RS06975__ABRP41_RS06975_m00_56723	1218	924.938	1	5934.64
ABRP41_RS06980__ABRP41_RS06980_m00_57963	1398	1104.94	0	0
rgpF__ABRP41_RS06985_m00_59357	1752	1458.94	0	0
ABRP41_RS06990__ABRP41_RS06990_m00_61105	2541	2247.94	0	0
ABRP41_RS06995__ABRP41_RS06995_m00_63682	1317	1023.94	0	0
ABRP41_RS07000__ABRP41_RS07000_m00_65015	927	633.938	0	0
ABRP41_RS07005__ABRP41_RS07005_m00_66073	939	645.938	0	0
ABRP41_RS07010__ABRP41_RS07010_m00_67145	1812	1518.94	0	0
ABRP41_RS07015__ABRP41_RS07015_m00_69162	1635	1341.94	0	0
ABRP41_RS07020__ABRP41_RS07020_m00_70915	843	549.938	0	0
gorA__ABRP41_RS07025_m00_71890	1353	1059.94	0	0
ABRP41_RS07040__ABRP41_RS07040_m00_75428	1143	849.938	0	0
thiI__ABRP41_RS07045_m00_76685	1218	924.938	0	0
ABRP41_RS07050__ABRP41_RS07050_m00_78040	1182	888.938	0	0
ABRP41_RS07055__ABRP41_RS07055_m00_79252	531	249.508	0	0
ABRP41_RS07060__ABRP41_RS07060_m00_79810	588	302.438	0	0
rplU__ABRP41_RS07065_m00_80571	315	96.95	0	0
ABRP41_RS07070__ABRP41_RS07070_m00_80897	336	115.561	0	0
rpmA__ABRP41_RS07075_m00_81254	294	86.0278	2	127614
ABRP41_RS07080__ABRP41_RS07080_m00_81861	696	410.438	0	0
ABRP41_RS07085__ABRP41_RS07085_m00_82557	492	214.339	0	0
ABRP41_RS07090__ABRP41_RS07090_m00_83701	906	612.938	0	0
lspA__ABRP41_RS07095_m00_84615	462	194.237	0	0
ABRP41_RS07100__ABRP41_RS07100_m00_85066	891	597.938	0	0
ABRP41_RS07105__ABRP41_RS07105_m00_86158	573	287.438	0	0
pyrR__ABRP41_RS07110_m00_86953	531	249.508	0	0
ABRP41_RS07115__ABRP41_RS07115_m00_87480	1266	972.938	0	0
ABRP41_RS07120__ABRP41_RS07120_m00_88750	927	633.938	0	0
ABRP41_RS07125__ABRP41_RS07125_m00_89805	1089	795.938	0	0
carB__ABRP41_RS07130_m00_91073	3180	2886.94	0	0
ABRP41_RS07135__ABRP41_RS07135_m00_94552	1302	1008.94	0	0
ABRP41_RS07140__ABRP41_RS07140_m00_95859	708	422.438	0	0
ABRP41_RS07145__ABRP41_RS07145_m00_96576	1245	951.938	0	0
rpsP__ABRP41_RS07150_m00_98223	276	77.5625	0	0
ABRP41_RS07155__ABRP41_RS07155_m00_98509	240	58.76	0	0
rimM__ABRP41_RS07160_m00_98837	519	241.339	0	0
trmD__ABRP41_RS07165_m00_99345	723	437.438	0	0
ABRP41_RS07170__ABRP41_RS07170_m00_100151	1014	720.938	0	0
ABRP41_RS07175__ABRP41_RS07175_m00_101287	744	458.438	0	0
pfkB__ABRP41_RS07180_m00_102027	912	618.938	0	0
ABRP41_RS07185__ABRP41_RS07185_m00_102935	1968	1674.94	1	3277.24
metE__ABRP41_RS07190_m00_105234	2238	1944.94	0	0
ABRP41_RS07195__ABRP41_RS07195_m00_107489	1857	1563.94	0	0
ABRP41_RS07200__ABRP41_RS07200_m00_89	186	44.0833	0	0
ABRP41_RS07205__ABRP41_RS07205_m00_578	264	72.8966	0	0
ABRP41_RS07215__ABRP41_RS07215_m00_3328	1074	780.938	0	0
ABRP41_RS07225__ABRP41_RS07225_m00_5325	354	114.875	0	0
ABRP41_RS07230__ABRP41_RS07230_m00_6228	2292	1998.94	0	0
ABRP41_RS07270__ABRP41_RS07270_m00_17246	306	95.4054	0	0
ABRP41_RS07275__ABRP41_RS07275_m00_17548	546	260.438	0	0
ABRP41_RS07280__ABRP41_RS07280_m00_18162	2331	2037.94	0	0
trxA__ABRP41_RS07285_m00_20567	315	96.95	0	0
ABRP41_RS07290__ABRP41_RS07290_m00_20979	1050	756.938	0	0
ABRP41_RS07305__ABRP41_RS07305_m00_24906	246	64.76	0	0
rpsF__ABRP41_RS07310_m00_25307	291	85.4	0	0
ABRP41_RS07315__ABRP41_RS07315_m00_25615	495	217.339	0	0
rpsR__ABRP41_RS07320_m00_26138	240	58.76	0	0
ABRP41_RS07325__ABRP41_RS07325_m00_26696	720	434.438	0	0
uvrA__ABRP41_RS07355_m00_31160	2832	2538.94	0	0
ABRP41_RS07360__ABRP41_RS07360_m00_33981	1065	771.938	0	0
ABRP41_RS07365__ABRP41_RS07365_m00_35215	453	191.772	0	0
efp__ABRP41_RS07375_m00_36559	561	275.438	0	0
ABRP41_RS07380__ABRP41_RS07380_m00_37162	390	134.145	0	0
nusB__ABRP41_RS07385_m00_37544	429	167.772	0	0
ABRP41_RS07400__ABRP41_RS07400_m00_40766	1995	1701.94	0	0
scrK__ABRP41_RS07405_m00_42960	882	588.938	0	0
manA__ABRP41_RS07410_m00_44010	951	657.938	0	0
secA__ABRP41_RS07415_m00_45138	2520	2226.94	0	0
ABRP41_RS07420__ABRP41_RS07420_m00_47677	1032	738.938	0	0
ABRP41_RS07425__ABRP41_RS07425_m00_48710	1035	741.938	0	0
acpS__ABRP41_RS07430_m00_50014	360	116.24	0	0
alr__ABRP41_RS07435_m00_50370	1116	822.938	0	0
recG__ABRP41_RS07440_m00_51658	2016	1722.94	0	0
ABRP41_RS07455__ABRP41_RS07455_m00_55039	1386	1092.94	0	0
ABRP41_RS07470__ABRP41_RS07470_m00_57962	1215	921.938	1	5953.95
codY__ABRP41_RS07475_m00_59285	786	492.938	1	11135.6
ABRP41_RS07480__ABRP41_RS07480_m00_60072	552	266.438	0	0
aspS__ABRP41_RS07485_m00_60881	1752	1458.94	0	0
gatC__ABRP41_RS07490_m00_62759	303	95.0278	0	0
gatA__ABRP41_RS07495_m00_63061	1467	1173.94	0	0
gatB__ABRP41_RS07500_m00_64527	1440	1146.94	0	0
ABRP41_RS07505/pseudo__ABRP41_RS07505/pseudo_m00_66511	954	660.938	0	0
ABRP41_RS07510__ABRP41_RS07510_m00_67569	699	413.438	0	0
ABRP41_RS07515__ABRP41_RS07515_m00_68285	1380	1086.94	1	5050.13
ABRP41_RS07525__ABRP41_RS07525_m00_71787	909	615.938	0	0
ABRP41_RS07530__ABRP41_RS07530_m00_72697	753	467.438	0	0
ABRP41_RS07535__ABRP41_RS07535_m00_73449	732	446.438	0	0
ABRP41_RS07540/pseudo__ABRP41_RS07540/pseudo_m00_74545	105	10	0	0
ABRP41_RS07545__ABRP41_RS07545_m00_74744	909	615.938	0	0
ABRP41_RS07560__ABRP41_RS07560_m00_77835	618	332.438	0	0
ABRP41_RS07565__ABRP41_RS07565_m00_78557	528	246.508	0	0
yqeH__ABRP41_RS07570_m00_79085	1107	813.938	0	0
yhbY__ABRP41_RS07575_m00_80248	309	95.8947	0	0
ABRP41_RS07580__ABRP41_RS07580_m00_80583	633	347.438	0	0
yqeK__ABRP41_RS07585_m00_81212	594	308.438	0	0
rsfS__ABRP41_RS07590_m00_81806	354	114.875	0	0
ABRP41_RS07595__ABRP41_RS07595_m00_82433	744	458.438	0	0
ABRP41_RS07600__ABRP41_RS07600_m00_83237	231	63.75	0	0
ABRP41_RS09850__ABRP41_RS09850_m00_83519	195	46.0714	0	0
ABRP41_RS07610__ABRP41_RS07610_m00_83861	1101	807.938	0	0
ABRP41_RS07615__ABRP41_RS07615_m00_85065	717	431.438	0	0
ABRP41_RS07620__ABRP41_RS07620_m00_85927	717	431.438	0	0
ABRP41_RS07625__ABRP41_RS07625_m00_86836	348	119.114	0	0
yajC__ABRP41_RS07630_m00_87358	384	135.654	0	0
ABRP41_RS07635__ABRP41_RS07635_m00_87853	750	464.438	0	0
ABRP41_RS07640__ABRP41_RS07640_m00_88617	795	501.938	1	10936
ABRP41_RS07645__ABRP41_RS07645_m00_89427	1260	966.938	0	0
ABRP41_RS07650__ABRP41_RS07650_m00_90713	1851	1557.94	0	0
ABRP41_RS07665/pseudo__ABRP41_RS07665/pseudo_m00_970	2117	1823.94	0	0
ABRP41_RS07670__ABRP41_RS07670_m00_3099	1014	720.938	0	0
ABRP41_RS07725__ABRP41_RS07725_m00_11605	141	21.8	0	0
ABRP41_RS07785__ABRP41_RS07785_m00_22320	708	422.438	0	0
ABRP41_RS07790__ABRP41_RS07790_m00_23029	2613	2319.94	0	0
rsmG__ABRP41_RS07805_m00_27335	714	428.438	0	0
ABRP41_RS07865__ABRP41_RS07865_m00_41502	765	479.438	0	0
ABRP41_RS07870__ABRP41_RS07870_m00_42259	690	404.438	0	0
ABRP41_RS07895__ABRP41_RS07895_m00_46568	867	573.938	0	0
pepA__ABRP41_RS07995_m00_62915	1068	774.938	0	0
proC__ABRP41_RS08000_m00_64038	771	485.438	0	0
tyrS__ABRP41_RS08085_m00_83615	1257	963.938	0	0
ABRP41_RS08120__ABRP41_RS08120_m00_6	88	89	0	0
mreC__ABRP41_RS08125_m00_158	819	525.938	0	0
mreD__ABRP41_RS08130_m00_978	507	229.339	1	23934.8
gbpB__ABRP41_RS08135_m00_1594	1296	1002.94	0	0
ABRP41_RS08140__ABRP41_RS08140_m00_3014	969	675.938	0	0
ABRP41_RS08145__ABRP41_RS08145_m00_4071	1176	882.938	0	0
recO__ABRP41_RS08150_m00_5236	756	470.438	0	0
plsX__ABRP41_RS08155_m00_6199	999	705.938	0	0
ABRP41_RS08160__ABRP41_RS08160_m00_7199	249	62.8148	0	0
ABRP41_RS08165__ABRP41_RS08165_m00_7675	582	296.438	0	0
purC__ABRP41_RS08170_m00_8379	708	422.438	0	0
ABRP41_RS08175__ABRP41_RS08175_m00_9096	3726	3432.94	0	0
ABRP41_RS08180__ABRP41_RS08180_m00_12843	621	335.438	0	0
purF__ABRP41_RS08185_m00_13489	1440	1146.94	0	0
ABRP41_RS08190__ABRP41_RS08190_m00_14941	486	208.339	0	0
purM__ABRP41_RS08195_m00_15472	1023	729.938	0	0
purN__ABRP41_RS08200_m00_16494	555	269.438	0	0
ABRP41_RS08205__ABRP41_RS08205_m00_17155	708	422.438	0	0
purH__ABRP41_RS08210_m00_17904	1548	1254.94	0	0
ABRP41_RS08220__ABRP41_RS08220_m00_20344	510	232.339	0	0
ABRP41_RS08225__ABRP41_RS08225_m00_21030	162	26.6	0	0
ABRP41_RS08230__ABRP41_RS08230_m00_21343	879	585.938	0	0
ABRP41_RS08235__ABRP41_RS08235_m00_22293	1380	1086.94	1	5050.13
ABRP41_RS08240/pseudo__ABRP41_RS08240/pseudo_m00_23683	2400	2106.94	0	0
ABRP41_RS08245__ABRP41_RS08245_m00_26084	636	350.438	1	15663.8
ABRP41_RS08250__ABRP41_RS08250_m00_26719	609	323.438	0	0
purD__ABRP41_RS08255_m00_27551	1260	966.938	0	0
ABRP41_RS08260__ABRP41_RS08260_m00_28870	1182	888.938	0	0
purE__ABRP41_RS08265_m00_30374	489	211.339	0	0
purK__ABRP41_RS08270_m00_30849	1092	798.938	0	0
ABRP41_RS08275__ABRP41_RS08275_m00_31940	666	380.438	0	0
ABRP41_RS08280/pseudo__ABRP41_RS08280/pseudo_m00_32621	220	58.7222	0	0
ABRP41_RS08285__ABRP41_RS08285_m00_32843	693	407.438	0	0
ABRP41_RS08290/pseudo__ABRP41_RS08290/pseudo_m00_33538	98	3	0	0
ABRP41_RS08295__ABRP41_RS08295_m00_33637	264	72.8966	0	0
ABRP41_RS08300/pseudo__ABRP41_RS08300/pseudo_m00_33920	226	58.75	0	0
ABRP41_RS08305__ABRP41_RS08305_m00_34151	1296	1002.94	1	5473.09
purB__ABRP41_RS08310_m00_35756	1299	1005.94	0	0
ABRP41_RS08315__ABRP41_RS08315_m00_37074	687	401.438	0	0
ABRP41_RS08320__ABRP41_RS08320_m00_38143	915	621.938	0	0
ruvB__ABRP41_RS08330_m00_41768	996	702.938	0	0
ABRP41_RS08335__ABRP41_RS08335_m00_42801	426	164.772	0	0
ABRP41_RS08340__ABRP41_RS08340_m00_43291	384	135.654	0	0
ABRP41_RS08345__ABRP41_RS08345_m00_43671	1791	1497.94	0	0
thrC__ABRP41_RS08350_m00_46143	1485	1191.94	0	0
ABRP41_RS08355__ABRP41_RS08355_m00_48083	1302	1008.94	0	0
ABRP41_RS08360__ABRP41_RS08360_m00_49743	267	73.4	0	0
ABRP41_RS08365__ABRP41_RS08365_m00_50029	1338	1044.94	0	0
ABRP41_RS08370__ABRP41_RS08370_m00_51439	711	425.438	0	0
ABRP41_RS08375__ABRP41_RS08375_m00_52133	750	464.438	0	0
ABRP41_RS08380__ABRP41_RS08380_m00_52886	588	302.438	0	0
fruA__ABRP41_RS08385_m00_54088	4272	3978.94	1	1379.56
ABRP41_RS08390__ABRP41_RS08390_m00_58430	1560	1266.94	0	0
hrcA__ABRP41_RS08395_m00_60164	1035	741.938	0	0
grpE__ABRP41_RS08400_m00_61241	540	258.508	0	0
dnaK__ABRP41_RS08405_m00_62154	1839	1545.94	0	0
dnaJ__ABRP41_RS08410_m00_64520	1134	840.938	0	0
truA__ABRP41_RS08415_m00_65955	750	464.438	0	0
ABRP41_RS08420__ABRP41_RS08420_m00_66694	768	482.438	0	0
ABRP41_RS08425__ABRP41_RS08425_m00_67448	465	197.237	0	0
ABRP41_RS08430__ABRP41_RS08430_m00_67957	564	278.438	0	0
tig__ABRP41_RS08445_m00_70813	1284	990.938	1	5539.37
rpoE__ABRP41_RS08455_m00_73598	585	299.438	0	0
ABRP41_RS08460__ABRP41_RS08460_m00_74316	1611	1317.94	0	0
ABRP41_RS08470__ABRP41_RS08470_m00_76844	86	87	0	0
ABRP41_RS08475__ABRP41_RS08475_m00_77086	882	588.938	2	18640.9
ABRP41_RS08480__ABRP41_RS08480_m00_78292	492	214.339	0	0
ABRP41_RS08485__ABRP41_RS08485_m00_78796	798	504.938	0	0
ABRP41_RS08490__ABRP41_RS08490_m00_79586	819	525.938	0	0
ABRP41_RS08495__ABRP41_RS08495_m00_80404	414	152.772	0	0
ABRP41_RS08500__ABRP41_RS08500_m00_80817	2196	1902.94	0	0
ABRP41_RS08505__ABRP41_RS08505_m00_83013	999	705.938	0	0
ABRP41_RS08515__ABRP41_RS08515_m00_191	73	74	0	0
ABRP41_RS08520__ABRP41_RS08520_m00_913	138	24	0	0
ABRP41_RS08525__ABRP41_RS08525_m00_1215	1101	807.938	0	0
pfkB__ABRP41_RS08540_m00_4456	933	639.938	0	0
ABRP41_RS08545__ABRP41_RS08545_m00_5393	1401	1107.94	0	0
ABRP41_RS08550__ABRP41_RS08550_m00_6808	453	191.772	0	0
lacD__ABRP41_RS08555_m00_7278	990	696.938	0	0
rpmB__ABRP41_RS08575_m00_12736	189	47.0833	0	0
ABRP41_RS08585__ABRP41_RS08585_m00_14538	4398	4104.94	0	0
ABRP41_RS08590__ABRP41_RS08590_m00_19159	429	167.772	0	0
ABRP41_RS08595__ABRP41_RS08595_m00_19666	555	269.438	0	0
ABRP41_RS08600__ABRP41_RS08600_m00_20596	996	702.938	1	7808.9
ABRP41_RS08605__ABRP41_RS08605_m00_21741	996	702.938	3	23426.7
ABRP41_RS08610__ABRP41_RS08610_m00_22836	1368	1074.94	1	5106.5
lpdA__ABRP41_RS08615_m00_24277	1746	1452.94	0	0
ABRP41_RS08620__ABRP41_RS08620_m00_26128	990	696.938	0	0
ABRP41_RS08625__ABRP41_RS08625_m00_27382	1137	843.938	0	0
ABRP41_RS08635__ABRP41_RS08635_m00_30216	624	338.438	0	0
ABRP41_RS08650__ABRP41_RS08650_m00_32655	1623	1329.94	0	0
ABRP41_RS08655__ABRP41_RS08655_m00_34433	945	651.938	0	0
ABRP41_RS08660__ABRP41_RS08660_m00_35498	1185	891.938	0	0
ABRP41_RS08665__ABRP41_RS08665_m00_36700	1362	1068.94	0	0
ABRP41_RS08670__ABRP41_RS08670_m00_38045	720	434.438	0	0
ABRP41_RS08685__ABRP41_RS08685_m00_40369	1185	891.938	0	0
adhE__ABRP41_RS08690_m00_41753	2670	2376.94	0	0
tnpA__ABRP41_RS08695/pseudo_m00_44597	469	197.9	0	0
ABRP41_RS08700__ABRP41_RS08700_m00_45446	204	45.8235	0	0
ABRP41_RS08705__ABRP41_RS08705_m00_45679	216	54.7222	0	0
ABRP41_RS08710__ABRP41_RS08710_m00_46089	420	158.772	0	0
ABRP41_RS08715__ABRP41_RS08715_m00_47160	309	95.8947	0	0
rpsO__ABRP41_RS08720_m00_47845	270	74	0	0
pnp__ABRP41_RS08725_m00_48861	2193	1899.94	0	0
ABRP41_RS08730__ABRP41_RS08730_m00_51043	741	455.438	0	0
cysE__ABRP41_RS08735_m00_51794	618	332.438	2	33023.8
cysS__ABRP41_RS08740_m00_52485	1344	1050.94	1	5223.12
ABRP41_RS08745__ABRP41_RS08745_m00_53821	420	158.772	0	0
ABRP41_RS08750__ABRP41_RS08750_m00_54419	906	612.938	0	0
ABRP41_RS08755__ABRP41_RS08755_m00_55333	708	422.438	0	0
rlmB__ABRP41_RS08770_m00_58124	747	461.438	0	0
ABRP41_RS08775__ABRP41_RS08775_m00_58894	861	567.938	0	0
smuA__ABRP41_RS08780_m00_59886	516	238.339	0	0
smuT__ABRP41_RS08785_m00_60401	447	185.772	0	0
smuR__ABRP41_RS08790_m00_60844	195	46.0714	0	0
rplM__ABRP41_RS08795_m00_61431	447	185.772	0	0
rpsI__ABRP41_RS08800_m00_61902	393	137.145	1	40024.5
ABRP41_RS08805__ABRP41_RS08805_m00_62616	246	64.76	0	0
ABRP41_RS08810__ABRP41_RS08810_m00_62855	333	112.561	0	0
ABRP41_RS08825__ABRP41_RS08825_m00_64878	1221	927.938	0	0
ABRP41_RS08830__ABRP41_RS08830_m00_66076	849	555.938	0	0
ABRP41_RS08835__ABRP41_RS08835_m00_67066	603	317.438	0	0
ABRP41_RS08840__ABRP41_RS08840_m00_67670	2412	2118.94	0	0
mvk__ABRP41_RS08845_m00_70287	999	705.938	0	0
ABRP41_RS08850__ABRP41_RS08850_m00_71507	723	437.438	1	12548.5
ABRP41_RS08855__ABRP41_RS08855_m00_72226	840	546.938	0	0
ABRP41_RS08860__ABRP41_RS08860_m00_73112	921	627.938	0	0
sloR__ABRP41_RS08865_m00_74217	654	368.438	0	0
ABRP41_RS08880__ABRP41_RS08880_m00_15	74	75	0	0
ABRP41_RS08890__ABRP41_RS08890_m00_1929	645	359.438	0	0
ABRP41_RS08895__ABRP41_RS08895_m00_2735	792	498.938	0	0
fabT__ABRP41_RS08900_m00_3855	435	173.772	0	0
ABRP41_RS08905__ABRP41_RS08905_m00_4289	978	684.938	0	0
ABRP41_RS08910__ABRP41_RS08910_m00_5326	225	57.75	0	0
fabK__ABRP41_RS08915_m00_5653	966	672.938	0	0
fabD__ABRP41_RS08920_m00_6621	921	627.938	0	0
fabG__ABRP41_RS08925_m00_7556	735	449.438	0	0
fabF__ABRP41_RS08930_m00_8339	1233	939.938	0	0
accB__ABRP41_RS08935_m00_9574	489	211.339	0	0
fabZ__ABRP41_RS08940_m00_10059	423	161.772	0	0
accC__ABRP41_RS08945_m00_10648	1371	1077.94	0	0
accD__ABRP41_RS08950_m00_12027	867	573.938	0	0
ABRP41_RS08955__ABRP41_RS08955_m00_12890	771	485.438	0	0
ABRP41_RS08960__ABRP41_RS08960_m00_13776	3093	2799.94	1	1960.46
ABRP41_RS08965__ABRP41_RS08965_m00_16930	591	305.438	0	0
murC__ABRP41_RS08970_m00_17537	1332	1038.94	0	0
ABRP41_RS08975__ABRP41_RS08975_m00_18921	492	214.339	0	0
mltG__ABRP41_RS08980_m00_19508	1923	1629.94	1	3367.72
greA__ABRP41_RS08985_m00_21566	483	205.339	0	0
ABRP41_RS09000__ABRP41_RS09000_m00_23798	741	455.438	0	0
ABRP41_RS09005__ABRP41_RS09005_m00_24573	504	226.339	0	0
ABRP41_RS09010__ABRP41_RS09010_m00_25096	690	404.438	0	0
ABRP41_RS09015__ABRP41_RS09015_m00_25974	1251	957.938	0	0
ABRP41_RS09020__ABRP41_RS09020_m00_27597	249	62.8148	0	0
racE__ABRP41_RS09025_m00_27898	795	501.938	0	0
ABRP41_RS09030__ABRP41_RS09030_m00_28689	978	684.938	0	0
ABRP41_RS09035__ABRP41_RS09035_m00_29648	519	241.339	0	0
cbpB__ABRP41_RS09040_m00_30163	462	194.237	0	0
xerD__ABRP41_RS09045_m00_30621	738	452.438	0	0
ABRP41_RS09050__ABRP41_RS09050_m00_31358	708	422.438	0	0
scpB__ABRP41_RS09055_m00_32062	597	311.438	0	0
ABRP41_RS09060__ABRP41_RS09060_m00_32648	723	437.438	0	0
yidD__ABRP41_RS09065_m00_33370	255	68.8148	0	0
ABRP41_RS09080__ABRP41_RS09080_m00_36958	549	263.438	0	0
ABRP41_RS09100__ABRP41_RS09100_m00_39877	627	341.438	0	0
ABRP41_RS09105__ABRP41_RS09105_m00_40493	651	365.438	0	0
cidA__ABRP41_RS09110_m00_41309	363	116.941	0	0
cidB__ABRP41_RS09115_m00_41668	696	410.438	0	0
ABRP41_RS09120__ABRP41_RS09120_m00_42468	933	639.938	0	0
ABRP41_RS09125__ABRP41_RS09125_m00_43397	546	260.438	0	0
ABRP41_RS09135__ABRP41_RS09135_m00_44935	1095	801.938	0	0
ABRP41_RS09140__ABRP41_RS09140_m00_46065	1338	1044.94	0	0
pflA__ABRP41_RS09145_m00_47477	792	498.938	0	0
ABRP41_RS09150__ABRP41_RS09150_m00_48945	132	18	0	0
dltA__ABRP41_RS09155_m00_49086	1551	1257.94	0	0
dltB__ABRP41_RS09160_m00_50633	1263	969.938	0	0
dltC__ABRP41_RS09165_m00_51910	240	58.76	0	0
dltD__ABRP41_RS09170_m00_52142	1266	972.938	0	0
ABRP41_RS09175__ABRP41_RS09175_m00_53469	933	639.938	0	0
ABRP41_RS09180__ABRP41_RS09180_m00_54608	651	365.438	0	0
ABRP41_RS09185__ABRP41_RS09185_m00_55316	924	630.938	0	0
ABRP41_RS09190__ABRP41_RS09190_m00_56303	576	290.438	0	0
ABRP41_RS09195__ABRP41_RS09195_m00_56939	375	126.654	0	0
ABRP41_RS09200__ABRP41_RS09200_m00_57317	618	332.438	1	16511.9
ABRP41_RS09205__ABRP41_RS09205_m00_57960	510	232.339	0	0
ABRP41_RS09220__ABRP41_RS09220_m00_61440	1635	1341.94	0	0
ABRP41_RS09225__ABRP41_RS09225_m00_63301	1095	801.938	0	0
ABRP41_RS09230__ABRP41_RS09230_m00_64410	1164	870.938	0	0
upp__ABRP41_RS09235_m00_65886	630	344.438	0	0
ABRP41_RS09240__ABRP41_RS09240_m00_85	867	573.938	0	0
cas9__ABRP41_RS09245_m00_1332	4038	3744.94	0	0
cas1__ABRP41_RS09250_m00_5369	867	573.938	0	0
cas2__ABRP41_RS09255_m00_6232	345	118.86	0	0
csn2__ABRP41_RS09260_m00_6566	663	377.438	0	0
ABRP41_RS09265__ABRP41_RS09265_m00_7325	192	43.0714	0	0
ABRP41_RS09270__ABRP41_RS09270_m00_7534	378	129.654	0	0
ABRP41_RS09280/pseudo__ABRP41_RS09280/pseudo_m00_9788	286	80.4	0	0
gbpC__ABRP41_RS09285_m00_10236	1752	1458.94	0	0
ABRP41_RS09290__ABRP41_RS09290_m00_12117	231	63.75	0	0
ABRP41_RS09295__ABRP41_RS09295_m00_12382	129	15	0	0
lepA__ABRP41_RS09300_m00_12759	1836	1542.94	0	0
ABRP41_RS09305__ABRP41_RS09305_m00_14623	828	534.938	0	0
ABRP41_RS09310__ABRP41_RS09310_m00_15529	477	202.639	0	0
ABRP41_RS09315__ABRP41_RS09315_m00_16085	609	323.438	0	0
ABRP41_RS09325__ABRP41_RS09325_m00_17733	1641	1347.94	0	0
udk__ABRP41_RS09340_m00_21844	630	344.438	0	0
ABRP41_RS09345__ABRP41_RS09345_m00_22799	1566	1272.94	0	0
leuB__ABRP41_RS09350_m00_24374	1035	741.938	0	0
leuC__ABRP41_RS09355_m00_25534	1386	1092.94	0	0
leuD__ABRP41_RS09360_m00_26921	591	305.438	0	0
ABRP41_RS09365__ABRP41_RS09365_m00_1	330	109.561	0	0
ABRP41_RS09375/pseudo__ABRP41_RS09375/pseudo_m00_774	346	119.86	0	0
ABRP41_RS09380/pseudo__ABRP41_RS09380/pseudo_m00_1170	1137	843.938	0	0
ABRP41_RS09385__ABRP41_RS09385_m00_2652	453	191.772	0	0
ABRP41_RS09390__ABRP41_RS09390_m00_3199	99	4	0	0
ABRP41_RS09405__ABRP41_RS09405_m00_4961	528	246.508	0	0
ABRP41_RS09410__ABRP41_RS09410_m00_5584	339	118.561	0	0
ABRP41_RS09415__ABRP41_RS09415_m00_6059	144	24.8	0	0
ABRP41_RS09420__ABRP41_RS09420_m00_6211	309	95.8947	0	0
ABRP41_RS09425__ABRP41_RS09425_m00_6547	192	43.0714	0	0
ABRP41_RS09430__ABRP41_RS09430_m00_6761	249	62.8148	0	0
ABRP41_RS09435__ABRP41_RS09435_m00_7012	444	182.772	0	0
ABRP41_RS09440__ABRP41_RS09440_m00_7675	312	98.8947	0	0
ABRP41_RS09445__ABRP41_RS09445_m00_8010	426	164.772	0	0
ABRP41_RS09450__ABRP41_RS09450_m00_8451	1725	1431.94	0	0
ABRP41_RS09455__ABRP41_RS09455_m00_10410	1233	939.938	0	0
ABRP41_RS09460__ABRP41_RS09460_m00_11605	402	146.145	0	0
ABRP41_RS09465__ABRP41_RS09465_m00_12109	273	77	0	0
ABRP41_RS09470__ABRP41_RS09470_m00_12444	129	15	0	0
ABRP41_RS09475__ABRP41_RS09475_m00_12576	123	18	0	0
ABRP41_RS09480__ABRP41_RS09480_m00_12695	474	199.639	0	0
ABRP41_RS09485__ABRP41_RS09485_m00_13184	981	687.938	0	0
ABRP41_RS09490__ABRP41_RS09490_m00_14177	228	60.75	0	0
ABRP41_RS09495__ABRP41_RS09495_m00_14433	381	132.654	0	0
ABRP41_RS09500__ABRP41_RS09500_m00_14833	2544	2250.94	0	0
ABRP41_RS09505__ABRP41_RS09505_m00_17376	2427	2133.94	0	0
ABRP41_RS09510__ABRP41_RS09510_m00_19824	1098	804.938	0	0
ABRP41_RS09515__ABRP41_RS09515_m00_20939	261	69.8966	0	0
ABRP41_RS09520__ABRP41_RS09520_m00_21235	252	65.8148	0	0
ABRP41_RS09525__ABRP41_RS09525_m00_21490	186	44.0833	0	0
ABRP41_RS09530__ABRP41_RS09530_m00_21691	1155	861.938	0	0
